{
  "nombre_servicio": "servicio_1",
  "algoritmo_de_llave_publica": "RSA",
  "lider": {
    "IP": "192.168.100.4",
    "puerto": 55000
  },
  "lista_replicas_servicio": [
    {
      "IP": "192.168.100.4",
      "puerto": 55000
    },
    {
      "IP": "192.168.100.4",
      "puerto": 55001
    },
    {
      "IP": "192.168.100.4",
      "puerto": 55002
    }
  ],
  "servicios_de_seguridad": {
    "confidencialidad": {
      "algoritmo": "AES",
      "nivel_de_seguridad": 128,
      "salt": "53414C54",
      "iteraciones": 65356,
      "vector_de_inicializacion": "6C756DCC0187F9F612CBAF16A52862B9"
    },
    "integridad": {
      "algoritmo": "hmac",
      "nivel_de_seguridad": 256
    },
    "control_de_acceso": {
      "algoritmo": "TOTP",
      "nivel_de_seguridad": 6,
      "ventana_temporal": 1,
      "contador": 10,
      "intervalo_de_tiempo": 10
    }
  }
}